Nom,Origines,Pitch,Rang 1,Rang 2,Rang 3,,,,,,,,,,,,,,,,,,,,,,,,
Contrecourant,,Parade supérieure,Une parade échouée peux mener à une contre attaque désavantagée,Une parade réussie avec un degré de réussite de 1 ou plus mène à une contre attaque avantagée,"Une parade échouée peux mener à une contre attaque quoi qu'il arrive, une parade réussie mène à une contre attaque avantagée quoi qu'il arrive",,,,,,,,,,,,,,,,,,,,,,,,
Riposte,,Riposte supérieure,Une blocage échouée peux mener à une riposte désavantagée,Une blocage réussie avec un degré de réussite de 1 ou plus mène à une riposte avantagée,"Une blocage échouée peux mener à une riposte quoi qu'il arrive, une riposte réussie mène à une contre attaque avantagée quoi qu'il arrive",,,,,,,,,,,,,,,,,,,,,,,,
Sillage,,Conditions de la Seconde Action allégées,Une seconde action peux être menée en ayant seulement plus de vitesse que la cible mais avec un désavantage,Une seconde action menée avec 5 de vitesse de plus que nécessaire se fait avec un avantage,"Une seconde action peux être menée en ayant seulement plus de vitesse que la cible, en remplissant les conditions normales d'une seconde action celle ci est avantagée",,,,,,,,,,,,,,,,,,,,,,,,
Meute,,Combat avec un allié => Bonus,Contre un adversaire qui a été touché récemment par un allié via une attaque ou une tactique de mêlée les actions reçoivent un bonus de 1 jusqu'au prochain cycle,Le bonus passe à 2,Le bonus passe à 3,,,,,,,,,,,,,,,,,,,,,,,,
Fracture,,Ignore déviation de l'arme adverse,Contre le personnage les armes utilisées pour générer de la déviation ont une catégorie effective réduite de 1,La réduction passe à 2,La réduction passe à 3,,,,,,,,,,,,,,,,,,,,,,,,
Brise-Magie,,Contre un lanceur de sort => Bonus,Contre un adversaire qui a lancé un sort récemment les actions d'attaque ou tactique reçoivent un bonus de 1 jusqu'au prochain cycle,Le bonus passe à 2,Le bonus passe à 3,,,,,,,,,,,,,,,,,,,,,,,,
Impassibilité,,Défenses progressives,"Chaque tours qui passe les défenses sont augmentés de 1, ce bonus est remis à 0 dés lors qu'une action ciblée (agression ou même controle) est menée, maximum 1",Le bonus passe à 2,Le bonus passe à 3,,,,,,,,,,,,,,,,,,,,,,,,
Prédateur,,Adversaires sous rupture/DOT => Bonus,Contre un adversaire qui fait l'objet d'une condition de rupture ou de dégats continues les attaques reçoivent un bonus de 1,Le bonus passe à 2,Le bonus passe à 3,,,,,,,,,,,,,,,,,,,,,,,,
Miroir,,Connaissance/adaptation du style adverse,Lorsque vous êtes confronté à un adversaire (vous recevez une attaque de sa part ou vous réalisez une action le visant) vous apprenez automatiquement quel est le focus de son style le cas échéant,Vous apprenez aussi son corpus,"Vous pouvez désormais mémoriser ce style et l'utiliser vous même, un seul style peux être mémorisé de la sorte",,,,,,,,,,,,,,,,,,,,,,,,
Déconstruction,,Défauts adverses augmentées,Les défauts d'un style adverse sont augmentés de 1 face à vous,Le malus passe à 2,Le malus passe à 3,,,,,,,,,,,,,,,,,,,,,,,,
Neutralisation,,Ignore les advantages du style adverse,"Le style dont profite vos adversaires contre vous est réduit de 1, le défaut est maintenu cependant",Le malus passe à 2,L'adversaire n'a plus d'avantages liés à son style contre vous,,,,,,,,,,,,,,,,,,,,,,,,
Cavalcade,,Charge => Bonus,Une charge menée sur au moins la moitié de sa distance et en ligne droite permet d'obtenir un bonus au test d'attaque ou de tactique qui suit de 1,Le bonus passe à 2,Le bonus passe à 3,,,,,,,,,,,,,,,,,,,,,,,,
Enracinement,,Position statique => Bonus (mêlée),"Chaque tours qui passe les actions de mêlée profitent d'un bonus de 1, ce bonus est remis à 0 dés lors qu'un déplacement est mené, maximum 1",Le bonus passe à 2,Le bonus passe à 3,,,,,,,,Variante à distance (n'offre qu'un bonus de Maitrise cependant),,,,,,,,,,,,,,,,
Torrent,,Position mobile => Bonus (mêlée),"Chaque tours qui passe les actions de mêlée profitent d'un bonus de 1, ce bonus est remis à 0 si le personnage ne s'est pas déplacé d'au moins 5c le tour précédent, maximum 1",Le bonus passe à 2,Le bonus passe à 3,,,,,,,,Variante à distance (n'offre qu'un bonus de Maitrise cependant),,,,,,,,,,,,,,,,
Épuisement,,Contre adversaire qui s'est défendu => Bonus (mêlée),Contre un adversaire qui a fait l'objet d'une défense réussie la prochaine attaques de mêlée reçoit un bonus de 1 jusqu'au prochain cycle,Le bonus passe à 2,Le bonus passe à 3,,,,,,,,,,,,,,,,,,,,,,,,
Miasme,,Zone de confusion,"Action Simple: Découpez une fleurs (stockée préalablement dans l'inventaire) : Faites un test de tactique + préparation + ruse : Pour un cycle entier tous les combattants dans une zone de 5 cases autour de la case où l'action a eu lieu ou attaqués depuis cette même zone reçoivent un bonus ou un malus (au choix) équivalant aux DR en défenses, le personnage est affecté par ces effets, ces effets peuvent être réduits par des effets qui réduisent les pénalités liés à la visibilité",Le bonus ou malus augmente de 1,L'action peux se faire en action libre,,,,,,,,,,,,,,,,,,,,,,,,
Symbiose,,Arme évoquée => Bonus progressif,"Chaque tours passait à combattre avec une même arme conjurée octroie un bonus de 1 aux actions réalisées avec celle ci, maximum 1",Le bonus passe à 2,Le bonus passe à 3,,,,,,,,,,,,,,,,,,,,,,,,
Pénétration,,Arme perforante => Visée accrue,En combattant avec une arme perforante le personnage profite d'un bonus de visée de 1,Le bonus passe à 2,Le bonus passe à 3,,,,,,,,,,,,,,,,,,,,,,,,
Domination,,Arme contondante => Maitrise accrue,En combattant avec une arme contondante le personnage profite d'un bonus de maitrise de 1,Le bonus passe à 2,Le bonus passe à 3,,,,,,,,,,,,,,,,,,,,,,,,
Ravage,,Arme tranchante => Gravité accrue,En combattant avec une arme tranchante le personnage profite d'un bonus de gravité (des blessures) de 2,Le bonus passe à 4,Le bonus passe à 6,,,,,,,,,,,,,,,,,,,,,,,,
Impitoyable,,Contre adversaire ayant raté une défense => Bonus (mêlée),Contre un adversaire qui a raté une défense la prochaine attaques de mêlée reçoit un bonus de 1,Le bonus passe à 2,Le bonus passe à 3,,,,,,,,,,,,,,,,,,,,,,,,
Résonance,,Cible touchée par matéria => Bonus,Contre un adversaire qui a été touché par une magie offensive issus d'une matéria la prochaine attaque reçoit un bonus de 1,Le bonus passe à 2,Le bonus passe à 3,,,,,,,,,,,,,,,,,,,,,,,,
Maléfice,,Conditions boostées,Les conditions infligées profitent d'un jet assuré (minimum des dés 3),Les conditions infligées sont majorés (+1 par dés),Le personnage profite d'une expertise augmentée de 1 pour les conditions,,,,,,,,,,,,,,,,,,,,,,,,
Acuité,,Attaque => Catégorie naturelle +,Dans le cadre de ses actions d'attaques le personnage dispose d'une catégorie naturelle augmentée jusqu'à +1,Le bonus passe à 2,Le bonus passe à 3,,,,,,Same avec attaque ou défense du coup...,,,,,,,,,,,,,,,,,,
Carapace,,Défense => Catégorie naturelle +,Dans le cadre de ses actions de défenses le personnage dispose d'une catégorie naturelle augmentée jusqu'à +1,Le bonus passe à 2,Le bonus passe à 3,,,,,,Same avec attaque ou défense du coup...,,,,,,,,,,,,,,,,,,
Intuition,,Tactique => Catégorie naturelle +,Dans le cadre de ses actions tactiques le personnage dispose d'une catégorie naturelle augmentée jusqu'à +1,Le bonus passe à 2,Le bonus passe à 3,,,,,,Same avec attaque ou défense du coup...,,,,,,,,,,,,,,,,,,
Intimidation,,Zone de menace boostée,"La zone de menace du personnage augmente de moitié, minimum 2",Avoir une zone de menace > zone de contrôle +5 mène à un avantage à l'opportunité,Jusqu'à une opportunité par tour peux être effectuer gratuitement,,,,,,,,,,,,,,,,,,,,,,,,
Gardien,,Zone de contrôle boostée,"La zone de contrôle du personnage augmente de moitié, minimum 2",Peux se défendre des opportunités normalement,"Les alliés à proximtié profitent de ces mêmes bonus, à défaut (ou si il le souhaite) le personnage peux doubler ces derniers",,,,,,,,,,,,,,,,,,,,,,,,
Destrier,,Combat monté => Bonus (1f/round),"Une fois par round, lorsque le personnage est à dos de destrier il reçoit un bonus de 1 à ses tests d'attaque en combat",Le bonus passe à 2,A la place le personnage peux choisir d'être avantagé,,,,,,Same avec tactique ou défense du coup...,,,,,,,,,,,,,,,,,,
Pugiliste,,Endurance boostée,Lorsque le personnage perd de l'endurance il réduit cette perte de 2,"L'endurance peux servir à améliorer les sauvegardes de et en combat (même prorata que pour une amélioration de compétence sauf qu'ici ça se fait après le test), maximum +2",La perte d'endurance est réduite de 3 et le maximum qui peux être utilisé pour un bonus est de +3,,,,,,,,,,,,,,,,,,,,,,,,
Discernement,,Défenses réussies => Stack d'ajustement,"Lorsque le personnage réussie une défense contre un adversaire il gagne un stack, chaque stack lui offre un bonus d'ajustement à ses actions contre cette cible de 1, maximum 2, les stacks sont perdues si le personnage n'en gagne pas durant un tour complet contre ce même adversaire",Maximum 4,Maximum 6,,,,,,Same avec attaque ou tactique ? mais c'est peut être un peu trop fort,,,,,,,,,,,,,,,,,,
Exploitation,,Conditions adverses => Bonus,"Le personnage profite d'un bonus à ses actions équivalant aux nombres de conditions qui affectent son adversaire, maximum 1",Maximum 2,Maximum 3,,,,,,,,,,,,,,,,,,,,,,,,
Avant-Garde,,Défense => Génère de la garde (soi/allié proches),Une défense octroie 2 points de garde à soi et aux alliés à proximité,Le gain passe à 4,Le gain passe à 6,,,,Same avec attaque/rage et tactique/adrénaline,,,,,,,,,,,,,,,,,,,,
Cadence,,Combat hybride Distance/Mêlée => Bonus (sur un cycle),Contre un adversaire qui a été touché récemment via une attaque à distance les attaques de mêlée reçoivent un bonus de 1 jusqu'au prochain cycle,Le bonus passe à 2,Le bonus passe à 3,,,,,,,,,,,,,,,,,,,,,,,,
Marquage,,Combat hybride Distance/Mêlée => Avantage (une fois),"Une cible touchée par une attaque à distance ou de jet reçoit un marqueur, les attaques de mêlée sur un adversaire avec marqueur sont avantagés et le marqueur est défaussé",Une même cible peux avoir plusieurs marqueurs à la fois,"Si la cible a plusieurs marqueurs le personnage choisir d'en défausser plusieurs pour obtenir de multiples avantages, aussi si la cible a un marqueur le personnage reçoit un bonus de +1 en plus du ou des avantages",,,,,,,,,,,,,,,,,,,,,,,,
Contrecoup,,Contre attaque plus puissante selon dégats absorbés,"Lorsqu'une parade est réussie la moitié des dégats au delà de Catégorie de l'Arme employée x 5 sont ajoutés à une potencielle contre attaque si un désavantage est pris intentionnellement, ce bonus est limité à 1/4 des dégats de la contre attaque","Le calcule se base sur Catégorie x 4, au mieux le bonus peux être de 1/3","Le calcule se base sur Catégorie x 3, au mieux le bonus peux être de 1/2",,,,,,,,,,,,,,,,,,,,,,,,
Vigueur,,Récupération d'endurance par tour,"Au début du tour le personnage récupère jusqu'à 1/5 de son endurance manquante, reçoit en contre partie 1 PF tous les 3 points récupérés ainsi",Au début du tour le personnage récupère 1/4 de son endurance manquante,Au début du tour le personnage récupère 1/3 de son endurance manquante,,,,,,,,,,,,,,,,,,,,,,,,
Débordement,,"J'ai rien compris, tout simplement...","Chaque attaque de mêlée (non restreinte) qui porte avec une arme lourde réduit l'endurance actuelle dépassant les 3/4 de l'endurance maximale de 1/3, maximum équivalant du quart des dégats de l'attaque","La perte est de 1/2, maximum 1/3","L'endurance perdue se base sur ce qui dépasse de la moitié du maximum de l'endurance, maximum 1/2",,,,,,,,,,,,,,,,,,,,,,,,
Résilience,,Défense ratée => Avantage jusqu'à réussite,"Lorsque le personnage rate une action de défense armée il reçoit un marqueur, tant qu'il a un marqueur sa défense armée est avantagée et il perd un marqueur","Tant qu'il ne réussie pas une défense armée le personnage garde ses marqueurs, qui s'accumulent donc jusqu'à réussite","Si la cible a plusieurs marqueurs le personnage reçoit, en plus de son avantage, un bonus équivalant aux marqueurs au delà du 1er, en cas de réussite d'une défense il ne perd qu'un seul marqueur",,,,,,,,,,,,,,,,,,,,,,,,
Égide,,Bouclier => Un blocage gratuit,"Une fois par tour le personnage peux réaliser une action de blocage gratuitement, elle ne compte pas dans sa limite d'action rapide par tour, le blocage en question est restreint et désavantagé",L'action en question n'est plus désavantagé,L'action en question n'est plus restreinte,,,,,,,,,,,,,,,,,,,,,,,,
Tortue,,Deux boucliers => Blocage combinés,Le bouclier en main directrice n'entraine pas de pénalités notables dû au fait que c'est une mauvaise main pour ce type d'armes,Lorsqu'il porte un bouclier en main directrice et non directrice le personnage est en mesure d'utiliser deux actions de défenses en même temps sur une même attaque avec chaque boucliers,Lorsqu'il porte un bouclier en main directrice et non directrice le personnage reçoit un avantage à ses tests de blocage,,,,,,,,,,,,,,,,,,,,,,,,
Ricochet,,Bouclier comme arme de jet,"Une fois par tour le personnage peux utiliser son bouclier comme s'il s'agissait d'une arme de jet, le bouclier reviens dans sa main qu'il touche ou non sa cible, l'attaque est resteinte et désavantagée",L'action en question n'est plus désavantagé,L'action en question n'est plus restreinte,,,,,,,,,,,,,,,,,,,,,,,,
Guetteur,,Actions d'opportunités boostées,Les actions d'opportunité cout 1 d'initiative en moins,Les actions d'opportunité reçoivent un bonus de 1,"Réussire une action tactique sur un adversaire constitue une opportunité, le bonus aux opportunités passe à 2",,,,,,,,,,,,,,,,,,,,,,,,
Leurre,,Petite attaque => Meilleure contre attaque à venir,"Les attaques de main directrice peuvent s'infliger une pénalité de catégorie de 1, la cible est alors marquée, la prochaine contre attaque sur la cible marquée se fera avec une catégorie effective augmentée de 2",La pénalité peux être de 2 et le bénéfice de 4,La pénalité peux être de 3 et le bénéfice de 6,,,,,,,,,,,,,,,,,,,,,,,,
Dérobade,,Petite attaque => Meilleure riposte à venir,"Les attaques de main directrice peuvent s'infliger une pénalité de catégorie de 1, la cible est alors marquée, le prochain blocage contre la cible marquée se fera avec une catégorie effective augmentée de 2",La pénalité peux être de 2 et le bénéfice de 4,La pénalité peux être de 3 et le bénéfice de 6,,,,,,,,,,,,,,,,,,,,,,,,
Légèreté,,Bouclier léger => Blocage = défense +,Après un blocage réussie réalisé à l'aide d'un bouclier léger la défense passive physique augmente de 1 jusqu'au prochain round du personnage (non cumulable),Le bonus passe à 2,"Le bonus passe à 3, en cas d'échec du blocage la défense passive augmente quand même de 1, chaque nouveau blocage (réussie ou non) au delà du premier augmente de 1 ce bonus jusqu'à un maximum de 4 ce qui relance la durée",,,,,,,,,,,,,,,,,,,,,,,,
Impact,,Bouclier intermédiaire => Blocage = impact +,"Après un blocage réalisé à l'aide d'un bouclier intermédiaire les jets d'impact (actions tactiques) physique augmente de 1 jusqu'au prochain round du personnage (non cumulable), chaque nouveau blocage au delà du premier augmente de 1 ce bonus jusqu'à un maximum de 3 ce qui relance la durée",Le maximum passe à 5,Le bonus passe à 2 par blocage et le maximum à 7,,,,,,,,,,,,,,,,,,,,,,,,
Rempart,,Bouclier lourd => Blocage = résistance +,"Après un blocage réalisé à l'aide d'un bouclier lourd la résistance physique augmente de 1 jusqu'au prochain round du personnage (non cumulable), chaque nouveau blocage (réussie ou non) au delà du premier augmente de 1 ce bonus jusqu'à un maximum de 3 ce qui relance la durée",Le maximum passe à 5,Le bonus passe à 2 par blocage et le maximum à 7,,,,,,,,,,,,,,,,,,,,,,,,
Fantôme,,Armure légère => Esquive (passive) = Opportunités,En armure légère les attaques qui échouent à passer la défense passif du personnage génère des opportunités (désavantagée),Les opportunités générées ne sont plus désavantagées,Une des opportunités générées via ce style peux être réalisées sans dépenser d'action rapide pour ça,,,,,,,,,,,,,,,,,,,,,,,,
Vivacité,,Arme légère => Attaque répétée = Criticité +,"Avec une arme légère les attaque normale (non restreinte) réussie sur la même cible marque celle ci, ces marqueurs s'accumulent, à tous moment le personnage dispose d'un bonus de +1 en criticité par marqueurs pour ses attaques, maximum +2, lorsqu'un critique surviens les marqueurs sont supprimés","Le maximum passe à +4, un critique réduit les marqueurs de 2 au lieu de tous les supprimer","Le maximum passe à +5, jusqu'à une attaque restreinte par tour peux générer des marques, les attaques normales génère 2 marques en touchant la cible ou 1 marque en cas d'échec",,,,,,,,,,,,,,,,,,,,,,,,
Persévérance,,Blocage (rapide) échoués moins pénalisants,"Un blocage effectué en action rapide qui échoue redonne 1 point d'initiative, il ne peux être récupéré plus que les points utilisés pour l'action de cette manière, le personnage reçoit un marqueur et chaque marqueur octroie +1 au blocage (maximum 2), les marqueurs sont supprimés sur un blocage réussie","Le regain est de 2 points d'initiative, le personnage peux stocker jusqu'à 4 marqueurs","Le regain est de 3 points d'initiative, le personnage gagne 2 marqueurs pas blocage ratés",,,,,,,,,,,,,,,,,,,,,,,,
Transcendance,,A Corriger,"Chaque tours le personnage gagne des PV temporaires à hauteur du tiers de ce qui lui manque (les PV temporaires ne se cumulent pas), changer ou perdre le style met un terme à ces PV temporaires",Chaque fois que le personnage perd des PV il reçoit le tiers en soin de PE temporaires,Le regain passe à la moitié des PV perdus et le gain de PE temporaires est basé sur la moitié des PVs perdus,,,,,,,,,,,,,,,,,,,,,,,,
Omniscience,,Débloque toutes les manoeuvres,En augmente les pénalités de 2 le personnage peux réaliser une manoeuvre sans la connaitre et sans désavantages,Lorsqu'il fait appel à des manoeuvres qu'il connait le personnage reçoit un bonus de 1 aux tests,"Le personnage peux faire appel à toutes les manoeuvres, il n'a cependant le bonus précédant que si il connait la manoeuvre",,,,,,,,,,,,,,,,,,,,,,,,
Contamination,,Conditions splash,Lorsque vous infligez une condition de rupture jusqu'à un adversaire à proximité de la cible subit également cette condition avec la moitié du jet (la cible a le droit à un test de sauvegarde),Jusqu'à deux cibles peuvent être affectées OU le jet est réduit de 1/3 seulement,Jusqu'à trois cibles peuvent être affectées OU le jet n'est pas réduit,,,,,,,,,,,,,,,,,,,,,,,,
Vitalité,,Charge => PV temporaires,"Lorsque le personnage charge il reçoit 2 PV temporaires, doublé si il arrive à proximité d'un adversaire",Il reçoit 3 PV à la place,Il reçoit 4 PV à la place,,,,,,,,,,,,,,,,,,,,,,,,
Porte-Voix,,Cri de guerre => PE temporaires,"Lorsque le personnage réalise une action de cri accorde aux alliés alentours un gain de 2 PE temporaires, doublé si l'allié est à proximité",Le gain monte à 3,Le gain monte à 4,,,,,,,,,,,,,,,,,,,,,,,,
Rugissement,,Cri de guerre => Attrition,"Lorsque le personnage réalise une action de cri inflige aux adversaires alentours une perte de 2 PE, doublé si la cible est à proximité",La perte monte à 3,La perte monte à 4,,,,,,,,,,,,,,,,,,,,,,,,
Rupture,,Attaque => Fait perdre condition positive ou posture,"Lorsque le personnage réalise une attaque ou une tactique affichant 2 DR (10+) sur un adversaire il peux essayer de lui faire perdre sa posture en cours s'il en avait une, sinon il peux provoquer une décharge sur une condition positive de ce dernier à place, dans les deux cas la cible peux réaliser un test de sauvegarde de réflexes (la perte de la posture est annulée sur une réussite, la décharge est modulée par la réussite/échec du test)",La décharge est doublée OU l'effet peux survenir sur une action dont le DR est de 1 à la place (5+),La décharge est triplée OU l'effet surviens sur n'importe quelle action appropriée réussite,,,,,,,,,,,,,,,,,,,,,,,,
Exotisme,,TODO conditions,"Lorsque le personnage réalise une attaque sur un adversaire à l'aide d'une arme exotique, ce dernier subit la condition ""saignement"" avec 25% du jet en charges",Les charges sont basées sur 50% du jet,La cible est désavantagée sur son test de sauvegarde associé à la condition (via cet effet),,,,,,,,,,,,,,,,,,,,,,,,"Lorsque le personnage réalise une attaque sur un adversaire à l'aide d'une arme de type fouet, ce dernier subit la condition ""saignement"" avec 25% du jet en charges"
Lacération,,TODO conditions,"Lorsque le personnage réalise une attaque sur un adversaire à l'aide d'une arme flexible, ce dernier subit la condition ""saignement"" avec 25% du jet en charges",Les charges sont basées sur 50% du jet,La cible est désavantagée sur son test de sauvegarde associé à la condition (via cet effet),,,,,,,,,,,,,,,,,,,,,,,,
Saignement,,saignement,"Lorsque le personnage réalise une attaque sur un adversaire à l'aide d'une épée, ce dernier subit la condition ""saignement"" avec 25% du jet en charges",Les charges sont basées sur 50% du jet,La cible est désavantagée sur son test de sauvegarde associé à la condition (via cet effet),,,,,,,,,,,,,,,,,,,,,,,,
Affaiblissement,,faiblesse (d8 de dégats infligés en moins),"Lorsque le personnage réalise une attaque sur un adversaire à l'aide d'une mace, ce dernier subit la condition ""saignement"" avec 25% du jet en charges",Les charges sont basées sur 50% du jet,La cible est désavantagée sur son test de sauvegarde associé à la condition (via cet effet),,,,,,,,,,,,,,,,,,,,,,,,
Entrave,,handicape (mvt réduit),"Lorsque le personnage réalise une attaque sur un adversaire à l'aide d'une lance, ce dernier subit la condition ""saignement"" avec 25% du jet en charges",Les charges sont basées sur 50% du jet,La cible est désavantagée sur son test de sauvegarde associé à la condition (via cet effet),,,,,,,,,,,,,,,,,,,,,,,,
Déchirure,,vulné (d8 de dégats subit en plus),"Lorsque le personnage réalise une attaque sur un adversaire à l'aide d'une hache, ce dernier subit la condition ""saignement"" avec 25% du jet en charges",Les charges sont basées sur 50% du jet,La cible est désavantagée sur son test de sauvegarde associé à la condition (via cet effet),,,,,,,,,,,,,,,,,,,,,,,,
Toxine,,TODO conditions,"Lorsque le personnage réalise une attaque sur un adversaire à l'aide d'une dague, ce dernier subit la condition ""saignement"" avec 25% du jet en charges",Les charges sont basées sur 50% du jet,La cible est désavantagée sur son test de sauvegarde associé à la condition (via cet effet),,,,,,,,,,,,,,,,,,,,,,,,
Fièvre,,TODO conditions,"Lorsque le personnage réalise une attaque sur un adversaire à l'aide d'un arc, ce dernier subit la condition ""saignement"" avec 25% du jet en charges",Les charges sont basées sur 50% du jet,La cible est désavantagée sur son test de sauvegarde associé à la condition (via cet effet),,,,,,,,,,,,,,,,,,,,,,,,
Concussion,,TODO conditions,"Lorsque le personnage réalise une attaque sur un adversaire à l'aide d'un arbalète, ce dernier subit la condition ""saignement"" avec 25% du jet en charges",Les charges sont basées sur 50% du jet,La cible est désavantagée sur son test de sauvegarde associé à la condition (via cet effet),,,,,,,,,,,,,,,,,,,,,,,,
Traumatisme,,TODO conditions,"Lorsque le personnage réalise une attaque sur un adversaire à l'aide d'une arme de poing, ce dernier subit la condition ""saignement"" avec 25% du jet en charges",Les charges sont basées sur 50% du jet,La cible est désavantagée sur son test de sauvegarde associé à la condition (via cet effet),,,,,,,,,,,,,,,,,,,,,,,,
Déluge,,TODO conditions,"Lorsque le personnage réalise une attaque sur un adversaire à l'aide d'une arme d'épaule, ce dernier subit la condition ""saignement"" avec 25% du jet en charges",Les charges sont basées sur 50% du jet,La cible est désavantagée sur son test de sauvegarde associé à la condition (via cet effet),,,,,,,,,,,,,,,,,,,,,,,,
Ambidextrie,,Combat à deux armes => Main non directrice plus difficile à défendre,"Lorsque le personnage réalise une attaque de sa main non directrice après avoir réalisé une attaque de son arme directrice les défenses actives opposées à cette première sont désavantagées, et vice versa, dans tous les cas ces attaques doivent avoir lieu dans le même round et ne peuvent pas être des attaques d'opportunités","Il est impossible de se défendre activement de la main non directrice si la première n'a pas touché, les défenses sont désavantagées si une première attaque de la main non directrice n'a pas touché","Il est impossible de se défendre activement de la main non directrice si elle fait suite à une attaque de la main directrive, les défenses sont désavantagées si une première attaque de la main non directrice a eu lieu (quelque soit son résultat), de plus cet effet peux s'appliquer à des attaques d'opportunités survenant lors du même round",,,,,,,,,,,,,,,,,,,,,,,,
Fragilisation,,Profiter de l'armure dégradée => Bonus attaque/tact,Les attaques et tactiques du personnages reçoivent un bonus de 1 si l'armure de la cible est dégradrée d'au moins un niveau,Le bonus passe à 2 si l'armure est dégradée d'au moins 2 niveaux,Le bonus passe à 3 si l'armure est dégradée d'au moins 3 niveaux,,,,,,,,,,,,,,,,,,,,,,,,
Adaptation,,Profiter de l'arme dégradée => bonus défense,Les défenses du personnages reçoivent un bonus de 1 si l'arme de la cible est dégradrée d'au moins un niveau,Le bonus passe à 2 si l'arme est dégradée d'au moins 2 niveaux,Le bonus passe à 3 si l'arme est dégradée d'au moins 3 niveaux,,,,,,,,,,,,,,,,,,,,,,,,
Démolisseur,,Dégradation infligée augmentée,Lorsque le personnage dégrade un équipement il augmente la dégradation de 2,Le bonus passe à 4,Le bonus passe à 6,,,,,,,,,,,,,,,,,,,,,,,,
Trempe,,Dégradation subit réduite,Lorsque le personnage voit son équipement subir de la dégradation il réduit celle ci de 2,Le bonus passe à 4,Le bonus passe à 6,,,,,,,,,,,,,,,,,,,,,,,,
Corrosion,,Dégradation => Attrition,Lorsque le personnage provoque une augmentation du niveau de dégradation d'un objet son porteur subit une perte de 2 PE immédiats,La perte monte à 3,La perte monte à 4,,,,,,,,,,,,,,,,,,,,,,,,
Fougue,,Délais de la fatigue,"Lorsque le personnage acquière de la fatigue durant une confrontation, il est en mesure de retenir 1 point de cet augmentation afin de ne l'appliquer qu'à la fin de la confrontation, évitant ainsi les possibles pénalités que devrait engendrer la fatigue en question, il peux mettre de coté jusqu'à 4 points de fatigue de la sorte",Le personnage peux délayer 2 points de fatigue de la sorte,Il n'y a pas de maximum au points de fatigue qui peuvent être délayer,,,,,,,,,,,,,,,,,,,,,,,,
Surplomb,,Cible en contre bas => Bonus,Contre un adversaire qui est situation en contre bas (les pieds de l'attaquant sont situés au dessus de la tête de sa cible) le personnage reçoit un bonus de 1 à ses tests de combat,Le bonus passe à 2,Le bonus passe à 3,,,,,,,,,,,,,,,,,,,,,,,,
Adrénaline,,Fatigue => PE temporaires,Lorsque le personnage reçoit de la fatigue il reçoit également des PE temporaires équivalants,Le regain de PE temporaires est doublé,Le regain de PE temporaires est triplé,,,,,,,,,,,,,,,,,,,,,,,,
Polyvalence,,Technique via n'importe quelles armes,Le personnage peux réaliser des manoeuvres avec n'importe quelles armes en s'imposant un malus de 4,Le malus passe à 2,Pas de malus,,,,,,,,,,,,,,,,,,,,,,,,
Refuge,,Bouclier => meilleure couverture,Le personnage profite d'un angle de protection de 240° (au lieu de 180) via son bouclier,L'angle passe à 300°,"L'angle passe à 360°, il n'y a plus d'angle mort",,,,,,,,,,,,,,,,,,,,,,,,
Forteresse,,Bouclier => défense à distance,Le personnage reçoit un bonus de défense passive et active de 1 contre les attaques à distance,Le bonus passe à 2,Le bonus passe à 3,,,,,,,,,,,,,,,,,,,,,,,,
Bastion,,Bouclier => défense minimum,"Le personnage reçoit un bonus de défense minimum de 1, mais l'angle de protection de son bouclier est divisé par 2 (90°), il ne protège donc plus que devant soi",Le bonus passe à 2,Le bonus passe à 3,,,,,,,,,,,,,,,,,,,,,,,,
Marteau-Bouclier,,Bouclier => défense critique peux stun,"Lorsque le personnage réalise une défense critique via son bouclier, ce dernier subit la condition ""étourdissement"" avec 25% du jet en charges",Les charges sont basées sur 50% du jet,La cible est désavantagée sur son test de sauvegarde associé à la condition (via cet effet),,,,,,,,,,,,,,,,,,,,,,,,
Avant-Poste,,Bouclier => Bonus de garde,"Lorsque le personnage porte un bouclier il génère 2 points de garde supplémentaires par actions ""Monter sa garde"" et son maximum de points de garde augmente de 5",Le bonus de garde augmente de 1 et le maximum de 2,Le bonus de garde augmente de 1 et le maximum de 3,,,,,,,,,,,,,,,,,,,,,,,,
Conversion,,Bouclier => Défense = Garde,"Lorsque le personnage réalise une défense via son bouclier il peux recevoir 2 points de garde, si la défense est critique il peux recevoir jusqu'à 1 points de garde en plus","Le gain est augmenté de 1, le gain critique également","Le gain est augmenté de 1, le gain critique également",,,,,,,,,,,,,,,,,,,,,,,,
Déflexion,,Bouclier => anti critique,"Lorsque le personnage porte un bouclier les adversaires ont une criticité réduite de 1 contre lui, de plus les jets critiques reçus sont réduits de 2, ces bonus sont doublés lorsqu'une action de défense sont réalisées via ce bouclier",Les bonus sont doublés,Les bonus sont triplés,,,,,,,,,,,,,,,,,,,,,,,,
Désarmement,,Arme Légère => défense critique peux désarmer,"Lorsque le personnage réalise une défense critique via une arme légère, ce dernier est désarmé, l'arme tombe au pieds de ce dernier",L'arme tombe à 1D6 mètres dans une direction aléatoire,,,,,,,,,,,,,,,,,,,,,,,,,
Revers,,Main Gauche => contre attaque d'attrition,"Lorsque le personnage est en mesure de réaliser une contre attaque via une main gauche, il peux à la placer réaliser une représaille : Le test est identique mais l'attaque résultant est totalement convertie en attrition, cependant l'attaque voit sa catégorie réduite de 1",Pas de pénalité de catégorie,La pénalité de catégorie est remplacée par un bonus,,,,,,,,,,,,,,,,,,,,,,,,
Sentinelle,,Action de défense en prévention (posture),"Le personnage peux réaliser des actions de défense préventives, l'action prend la forme d'une posture qui active les effets de la défense lorsqu'une attaque surviens, la posture est annulée après une occurences de ces effets, il n'est pas possible de modifier le résultat de l'action après coup (pour s'adapter à la difficulté de l'attaque), ces actions sont désavantagées, les adversaires savent que cette posture est active et ses effets du premier coup d'oeil","Au choix: L'action de défense préventive n'est pas désavantagée, l'action de défense préventive peux être activée jusqu'à 2 fois avant que la posture ne soit annulée, l'adversaire n'est pas en mesure de reconnaitre la posture d'un coup d'oeil, une activation de la posture peux prendre la forme d'une contre attaque ou riposte (selon le cas), une défense préventive qui échoue ne compte pas dans les activations, une défense préventive qui échoue peux être remplacée par une nouvelle action de défense (cette action n'est pas gratuite)",Peux appliquer deux choix à la fois,,,,,,,,,,,,,,,,,,,,,,,,
Acharnement,,Hache => Dégats accrus sur cible blessée,Si le personnage porte une attaque sur une cible ayant au moins une blessure via une hache les dégats sont augmentés de 2,Le bonus passe à 4,Le bonus passe à 6,,,,,,,,,,,,,,,,,,,,,,,,
Initiation,,Katar => Dégats accrus sur cible indemne,Si le personnage porte une attaque sur une cible n'ayant aucune blessure via un katar les dégats sont augmentés de 2,Le bonus passe à 4,Le bonus passe à 6,,,,,,,,,,,,,,,,,,,,,,,,
Écrasement,,Mace => Dégats accrus sur cible au sol,Si le personnage porte une attaque sur une cible au sol les dégats sont augmentés de 2,Le bonus passe à 4,Le bonus passe à 6,,,,,,,,,,,,,,,,,,,,,,,,
Estocade,,Epée => Dégats accrus sur cible qui viens d'être parée,Si le personnage porte une attaque sur une cible dont il a paré l'attaque ce round ci sont les dégats sont augmentés de 2,Le bonus passe à 4,Le bonus passe à 6,,,,,,,,,,,,,,,,,,,,,,,,
Brisure,,Epée => Accentus les ruptures,"Si le personnage porte une attaque qui touche un adversaire doté de condition de rupture, ces dernières sont augmentées de 2 (en plus des effets normaux de l'attaque)",L'augmentation est de 4,L'augmentation est de 6,,,,,,,,,,,,,,,,,,,,,,,,
Allonge,,Lance => Dégats accrus si portée adverse trop faible,Si le personnage porte une attaque sur une cible doté d'une allonge plus de deux fois inférieur à la sienne les dégats sont augmentés de 2,Le bonus passe à 4,Le bonus passe à 6,,,,,,,,,,,,,,,,,,,,,,,,
Robustesse,,Mace => Attaque reçue = Rage,"Lorsque le personnage reçoit une attaque (qu'il n'a pas esquivé et qui le touche) il peux recevoir 2 points de rage, si l'attaque en question est critique il peux recevoir jusqu'à 1 points en plus","Le gain est augmenté de 1, le gain critique également","Le gain est augmenté de 1, le gain critique également",,,,,,,,,,,,,,,,,,,,,,,,
Frénésie,,Hache => Attaque = Rage,"Lorsque le personnage réalise une attaque via sa hache il peux recevoir 2 points de rage, si l'attaque est critique il peux recevoir jusqu'à 1 point en plus","Le gain est augmenté de 1, le gain critique également","Le gain est augmenté de 1, le gain critique également",,,,,,,,,,,,,,,,,,,,,,,,
Muraille,,Mace => Attaque reçue = Garde,"Lorsque le personnage reçoit une attaque (qu'il n'a pas esquivé et qui le touche) il peux recevoir 2 points de garde, si l'attaque en question est critique il peux recevoir jusqu'à 1 points en plus","Le gain est augmenté de 1, le gain critique également","Le gain est augmenté de 1, le gain critique également",,,,,,,,,,,,,,,,,,,,,,,,
Virtuosité,,Arme légère => Attaque esquivée = Adrénaline,"Lorsque le personnage reçoit une attaque et qu'il l'a esquivé via une action d'esquive il peux recevoir 2 points d'adrénaline, si l'attaque en question est critique il peux recevoir jusqu'à 1 points en plus","Le gain est augmenté de 1, le gain critique également","Le gain est augmenté de 1, le gain critique également",,,,,,,,,,,,,,,,,,,,,,,,
Exécution,,Mace => Dégats accrus si la cible est en état de choc,Si le personnage porte une attaque sur une cible en état de choc sont augmentés de 2,Le bonus passe à 4,Le bonus passe à 6,,,,,,,,,,,,,,,,,,,,,,,,
Poigne,,PE > Max PE / 2 : La poigne en trop profite aux jets,"Si le personnage porte une arme dont la charge requise est inférieure à sa capacité de poigne il convertis l'excédant en bonus de jet, à raison de 1 au jet tous les 8 points de trop s'il porte le coup via une arme à une main, ou tous les 4 points s'il porte le coup via une arme à deux mains, ce bonus n'est plus appliqué si le personnage a perdu plus de la moitié de son endurance",1 tous les 6 et 3 points à la place,1 tous les 4 et 2 points à la place,,,,,,,,,,,,,,,,,,,,,,,,
Désespoir,,"PE < 0 : Bonus aux jets infligés, malus de défense accrus",Si le personnage est en état de choc il reçoit un bonus de D8 à ses jets par contre ses défenses baissent encore de 2,En état de choc les D8 ont un minimum augmenté de 2 (donc 3 par défaut),Le bonus est de 2D8 à la place,,,,,,,,,,,,,,,,,,,,,,,,
Enroulement,,Arme flexible permet d'approcher,"Si le personnage touche une cible à l'aide d'une arme flexible il peux décider de profiter de la réussite de son attaque pour approcher de la cible et réaliser ainsi 1/3 du déplacement qui les séparent, il peux évidemment stopper le déplacement avant pour être positionné où il le souhaite",Le déplacement est désormais équivalant à 2/3,Le déplacement est désormais complet et le personnage peux finir son action face à son adversaire,,,,,,,,,,,,,,,,,,,,,,,,
Artificier,,Arme de jet explosif => Maitrise +,Si le personnage fait usage d'arme de jet explosive ses attaques profitent d'une maitrise et expertise augmentée de 1 (les dégats sont plus difficile à réduire via une action de défense ou via le test de réflexe),Le bonus passe à 2,Le bonus passe à 3,,,,,,,,,,,,,,,,,,,,,,,,
Souffle,,Arme de jet explosif => Portée et Zone +,Si le personnage fait usage d'arme de jet explosive ses attaques ont une portée augmentée de 2,La zone d'impact d'une telle attaque est augmentée de 1,"Le personnage à le choix entre : Les bonus sont doublés, Les alliés dans la zone d'impact subissent mi dégats (réussir une esquive ou sa sauvegarde suffit à réduire les dégats à 0)",,,,,,,,,,,,,,,,,,,,,,,,
Déflagration,,Arme de jet explosif => Dégats massifs,Si le personnage fait usage d'arme de jet explosive et que ses attaques touchent plus d'une cible alors les dégats sont augmentés de 2,Le bonus passe à 3,Le bonus passe à 4,,,,,,,,,,,,,,,,,,,,,,,,
Versatilité,,Arme légère => Alternance distance/mêlée bonus,"Si le personnage touche une cible à l'aide d'une arme légère il marque celle ci, sa prochaine attaque avec un type d'attaque différent (distance ou mêlée) reçoit un bonus de 2, les attaques à distance ne sont compte comme tel que si elles sont effectuées à une distance de tir supérieure à courte (pas de désavantages), la marque dure pour un cycle",Le bonus passe à 4,Le bonus passe à 6,,,,,,,,,,,,,,,,,,,,,,,,
Brise-Barrière,,Dégats sur barrières/déviation/garde,"Lorsqu'une attaque du personnage se heurte à une barrière magique/technologique, de la déviation ou de la garde, ses dégats sont augmentés de 2",Le bonus passe à 4,Le bonus passe à 6,,,,,,,,,,,,,,,,,,,,,,,,
Furtivité,,Arme légère & discret/à revers => Dégats +,"Lorsqu'il porte une attaque sur une cible qui ne connait pas sa position le personnage ajoute 2 de dégats, si la cible est à revers le bonus est de 1",Le bonus passe à 4 et 2,Le bonus passe à 6 et 3,,,,,,,,,,,,,,,,,,,,,,,,
Infiltration,,Arme légère & discret/à revers => Maitrise +,"Lorsqu'il porte une attaque sur une cible à revers l'attaque profite d'une maitrise augmentée de 2, si la cible est à revers le bonus est de 1",Le bonus passe à 4 et 2,Le bonus passe à 6 et 3,,,,,,,,,,,,,,,,,,,,,,,,
Fureur,,"Hache => Jets d'attaque +, le reste -","Une fois par round, si le personnage débute le round avec ce style si le personnage réalise une attaque avec une épée il profite d'un bonus de 2 aux jets, les autres jets de combat sont réduits de D8",Le bonus passe à 3,Le bonus passe à 4,,,,,,,,,,,,,,,,,,,,,,,,
Parangon,,"Epées => Jets de défense +, le reste -","Une fois par round, si le personnage débute le round avec ce style le personnage réalise une défense avec une épée il profite d'un bonus de 2 aux jets, les autres jets de combat sont réduits de D8",Le bonus passe à 3,Le bonus passe à 4,,,,,,,,,,,,,,,,,,,,,,,,
Tacticien,,"Lance => Jets tactique +, le reste -","Une fois par round, si le personnage débute le round avec ce style le personnage réalise une tactique avec une épée il profite d'un bonus de 2 aux jets, les autres jets de combat sont réduits de D8",Le bonus passe à 3,Le bonus passe à 4,,,,,,,,,,,,,,,,,,,,,,,,
Réservoir,,Régénère de la Garde/Rage/Adrénaline,"Chaque round le personnage voit sa Rage/Garde/Adrénaline augmenter de 1 pour 10, ces ressources ont une valeur maximale augmentée de 2","Le regain passe à 3/10, maximum augmenté de 4","Le regain passe à 4/10, maximum augmenté de 6",,,,,,,,,,,,,,,,,,,,,,,,
Opportuniste,,Favorise les opportunités,Le personnage réalisé ses opportunités avec un bonus de 1,Le bonus passe à 2,"Le bonus passe à 3, à la place du bonus le personnage peux faire en sorte que son opportunité repousse la limite de catégorie de 1 (3 au lieu de 2)",,,,,,,,,,,,,,,,,,,,,,,,
Réaction,,Favorise les contre attaques,Le personnage réalisé ses contre attaques avec un bonus de 1,Le bonus passe à 2,"Le bonus passe à 3, à la place du bonus le personnage peux faire en sorte que ses contre attaques repousse la limite de catégorie de 1 (3 au lieu de 2)",,,,,,,,,,,,,,,,,,,,,,,,
Feinte,,Feinte +,Si l'armure du personnage est de catégorie inférieure à l'arme adverse ses tests de feinte sont avantagés,Le personnage ignore jusqu'à un désavantage lié à l'usage de la feinte sur une même cible,Une feinte raté ne provoque pas automatiquement un coup critique,,,,,,,,,,,,,,,,,,,,,,,,
Voltige,,Esquive +,Si l'armure du personnage est de catégorie inférieure à l'arme adverse ses tests de esquive sont avantagés,Les opportunités générées par l'esquive sont désavantagées,Une esquive raté accorde un bonus de défense passif augmentée de 1,,,,,,,,,,,,,,,,,,,,,,,,
Vigilance,,Défenses contre les opportunités,Le personnage reçoit un bonus de 2 en défense passif contre les opportunités,Le bonus passe à 4,"Le bonus passe à 6, de plus le personnage PEUX réaliser une action de défense sur une opportunité",,,,,,,,,,,,,,,,,,,,,,,,
Ancrage,,Statique => Bonus de jets,"Si le personnage ne s'est pas déplacé le round dernier alors il peux profiter d'un bonus de 2 à ses jets de combat, cependant s'il le fait il ne peux plus ce déplacer ce round ci non plus",Le bonus passe à 4,Le bonus passe à 6,,,,,,,,,,,,,,,,,,,,,,,,
Élan,,Mobile => Bonus de tests,Si le personnage s'est déplacé le round dernier et s'est déplacé ce round ci aussi alors il peux profiter d'un bonus de 1 à ses tests de combat,Le bonus passe à 2,Le bonus passe à 3,,,,,,,,,,,,,,,,,,,,,,,,
Loup,,Sorceleur => école du loup,profite des faiblesses,,,,,,,,,,,,,,,,,,,,,,,,,,
Faucon,,Sorceleur => école du faucon,connnaisance,,,,,,,,,,,,,,,,,,,,,,,,,,
Ours,,Sorceleur => école de l'ours,tank,,,,,,,,,,,,,,,,,,,,,,,,,,
Chat,,Sorceleur => école du chat,revers,,,,,,,,,,,,,,,,,,,,,,,,,,
Vipère,,Sorceleur => école de la vipère,"huile sur les armes, corruption réduite",,,,,,,,,,,,,,,,,,,,,,,,,,
Griffon,,Sorceleur => école du griffon,contre attaque ?,,,,,,,,,,,,,,,,,,,,,,,,,,
Alchimiste,,Substances (huiles/poisons),Lorsqu'une attaque provoque une décharge des substances enduitent sur l'arme du personnage cette décharge est réduite de 2,L'expertise associée aux substances enduitent sur l'arme du personnage augmente de 1,Le personnage est habitué à enduire son arme,,,,,,,,,,,,,,,,,,,,,,,,
Mage-Guerrier,,Magiliège (offensif),Lorsque le personnage attaque il peux dépenser une action rapide afin de lancer un sort offensif de niveau 0 dont l'attaquant sera la cible unique,Le personnage peux choisir entre la possibilité de lancer le sort avec un niveau de 1 supérieur ou une réduction du drain de 4,"Le personnage peux faire deux fois son choix, ils peuvent être les mêmes",,,,,,,,,,,,,,,,,,,,,,,,
Arcane,,Magiliège (défensif),"Lorsque le personnage est attaqué il peux dépenser une action rapide afin de lancer un sort défensif de niveau 0, il en sera la cible unique",Le personnage peux choisir entre la possibilité de lancer le sort avec un niveau de 1 supérieur ou une réduction du drain de 4,"Le personnage peux faire deux fois son choix, ils peuvent être les mêmes",,,,,,,,,,,,,,,,,,,,,,,,
Ténacité,,PE < PE max /2 => Bonus,Le personnage reçoit un bonus de 1 à une de ses actions de combat par round si son endurance actuelle est inférieure à la moitié du maximum,Le bonus passe à 2,Le bonus passe à 3,,,,,,,,,,,,,,,,,,,,,,,,
Berserker,,Rage dépensée arme intermédiaire+ et sans armure => Jet +,"Si le personnage porte au mieux une armure légère et au moins une arme intermédiaire, ses attaque réalisée profitant de la rage voit son jet augmenté de 1 tous les 7 points de rage dépensés",Le prorata deviens 1 pour 5,Le prorata deviens 1 pour 3,,,,,,,,,,,,,,,,,,,,,,,,
Titan,,Garde dépensée avec bouclier => Jet +,"Si le personnage porte au moins une armure intermédiaire et au moins une arme intermédiaire, ses défense réalisée profitant de la garde voit son jet augmenté de 1 tous les 7 points de garde dépensés",Le prorata deviens 1 pour 5,Le prorata deviens 1 pour 3,,,,,,,,,,,,,,,,,,,,,,,,
Polymorphe,,Deux armes de types différents => Bonus,"Si le personnage tiens une arme au moins intermédiaire d'un type (tranchant/contondant/perforant/flexible/jet) différent dans chaques mains il reçoit un ajustement de 1 à ses tests de combat, il reçoit un bonus à la place si les armes ont en prime une méthode d'utilisation différente (FOR/AGI/DEX/CON/PER), seules les armes offensives (donc pas les boucliers par example) sont considérées pour ce style",Le bonus passe à 2,Le bonus passe à 3,,,,,,,,,,,,,,,,,,,,,,,,
Duel,,Seuls face à un adversaire => Bonus,"Si le personnage réalise une attaque sur un adversaire qui est seul face à lui, donc ni l'un ni l'autre n'ont d'alliés à proximité ou capable de les rejoindre d'un déplacement simple, cette attaque reçoit un bonus de 1",Le bonus passe à 2,Le bonus passe à 3,,,,,,,,,,,,,,,,,,,,,,,,
Démolition,,Contre structure => Différents effets,La difficulté des tests de solidité imposée par l'arme du personnage augmente de 2,Le personnage choisit un parmi: Lorsqu'un objet voit son niveau de détérioration augmenter son possesseur subit une perte de 1D8 points d'endurance; ou sa propre arme est avantagée aux tests de solidité lorsqu'elles attaquent; ou la détérioration générée augmente de 4 (avant test),Le personnage peux choisir deux à la place (et peux choisir deux fois le même effet),,,,,,,,,,,,,,,,,,,,,,,,
Protecteur,,Alliés blessés => Bonus,Les actions de combat du personnage reçoivent un bonus de 1 lorsqu'il protège un allié blessé à proximité (ses actions doivent donc avoir pour objectif de défendre activement un tel allié),Le bonus passe à 2,Le bonus passe à 3,,,,,,,,,,,,,,,,,,,,,,,,
Citadelle,,Face à plusieurs adversaires => Bonus,"Si le personnage réalise une action de combat et qu'il est seul face à plusieurs adversaires à proximité, donc ces derniers sont activements orientés vers lui et les alliés du personnage sont incapable de le rejoindre d'un déplacement simple, cette attaque reçoit un bonus de 1",Le bonus passe à 2,Le bonus passe à 3,,,,,,,,,,,,,,,,,,,,,,,,
Lion,,Cavalier du Lion => charge +,,,,,,,,,,,,,,,,,,,,,,,,,,,
Aile,,Cavalier du Griffon => défenses +,,,,,,,,,,,,,,,,,,,,,,,,,,,
Drakkon,,Cavalier Drakkon => att +,,,,,,,,,,,,,,,,,,,,,,,,,,,
Aube,,Chevalier de l'Aube => tact +,,,,,,,,,,,,,,,,,,,,,,,,,,,
Pégase,,Cavalier Pégase => mobilité,,,,,,,,,,,,,,,,,,,,,,,,,,,
Derviche,,Cavalier Derviche => opportunités ?,,,,,,,,,,,,,,,,,,,,,,,,,,,
Subjugation,,Sur une cible contrôlée => Bonus,"Si le personnage réalise une action de combat contre un adversaire contrôlé (au sol, désarmé, contraint, mise à porté...) cette dernière reçoit un bonus de 1",Le bonus passe à 2,Le bonus passe à 3,,,,,,,,,,,,,,,,,,,,,,,,
Démoralisation,,Sur une cible démoralisée => Ajustement,"Si le personnage réalise une action de combat contre un adversaire démoralisé (il n'a plus de points de moral) alors celle ci reçoit un ajustement de 1, si la cible a des PS négatifs alors il s'agit d'un bonus à la place",Le bonus passe à 2,Le bonus passe à 3,,,,,,,,,,,,,,,,,,,,,,,,
Enchaînement,,Enchainement,"Une fois par tour si le personnage met hors d'état de nuire une cible, il reçoit l'usufruit d'un pas de placement",A la place du pas de placement le personnage peux réaliser un déplacement ou une attaque restreinte,"Le personnage peux réaliser un déplacement ET une attaque restreinte, ou une attaque normale, au choix",,,,,,,,,,,,,,,,,,,,,,,,
Plénitude,,PE >= PE Max => Ajustement,,,,,,,,,,,,,,,,,,,,,,,,,,,
Ascèse,,Sans armes/armures => Bonus,,,,,,,,,,,,,,,,,,,,,,,,,,,
Danse,,"Armorce ""danse"" => Bonus",,,,,,,,,,,,,,,,,,,,,,,,,,,
Foulée,,"Armorce ""course"" => Bonus",,,,,,,,,,,,,,,,,,,,,,,,,,,
Acrobatie,,"Armorce ""acrobatie"" => Bonus",,,,,,,,,,,,,,,,,,,,,,,,,,,
Équitation,,"Armorce ""équitation"" => Bonus",,,,,,,,,,,,,,,,,,,,,,,,,,,
Pilotage,,"Armorce ""pilotage"" => Bonus",,,,,,,,,,,,,,,,,,,,,,,,,,,
Dérision,,"Armorce ""moquerie"" => Bonus",,,,,,,,,,,,,,,,,,,,,,,,,,,
Chi,,Si PC utilisés => Ajustement,,,,,,,,,,,,,,,,,,,,,,,,,,,
Équilibre,,Réduction des pénalités liés aux ressources temporaires,"Si le personnage a de la Rage ses actions de défenses subissent un malus de 2 à la place d'un désavantage, même chose pour la Garde et les actions d'attaque ou l'Adrénaline et leurs propres actions",Le malus est de 1 à la place,,,,,,,,,,,,,,,,,,,,,,,,,
Cohésion,,Si alliés à proximités => Ajustement (soi et alliés),"Si le personnage dispose d'au moins un allié à proximité, il reçoit un ajustement de 1 à ses actions de combat, l'allié en question en profite également",L'ajustement est de 2,L'ajustement est de 3,,,,,,,,,,,,,,,,,,,,,,,,
Canalisation,,Arme évoquée => PM contre Jet,"Lorsque le personnage réalise des actions de combat via une arme évoquée il peux dépenser 1 PM pour augmenter les jets via son arme de 1, maximum 3 PM",Le maximum passe à 5,Le maximum passe à 10,,,,,,,,,,,,,,,,,,,,,,,,
Animus,,Arme évoquée => Ajustement,Lorsque le personnage réalise des actions de combat via une arme évoquée il reçoit un ajustement de 1,L'ajustement est de 2,L'ajustement est de 3,,,,,,,,,,,,,,,,,,,,,,,,
Embrasement,,Arme évoquée => Action Offensive (attaque/tact) via PM ou sacrifice charge,"Lorsque le personnage réalise des actions d'attaque ou tactique via une arme évoquée il peux dépenser des PM pour obtenir un bonus de 1, ce bonus ne peux pas dépasser la différence entre la défense passive de magie de la cible et la défense passive à laquelle s'oppose l'attaque OU 2, le plus petit des deux (donc si la défense magique de la cible est trop élevée il n'est pas possible de dépenser de PM de la sorte)","Le maximum passe à 3, de plus le personnage peux décider de porter un coup final en vidant son arme évoquée de ses charges afin d'ajouter la moitié au jet de l'action","Le maximum passe à 5, si les charges sont sacrifiées le gain est de 1 pour 1",,,,,,,,,,,,,,,,,,,,,,,,
Sanctuaire,,Arme évoquée => Action Défensive (défense/tact) via PM ou sacrifice charge,"Lorsque le personnage réalise des actions de défense ou tactique via une arme évoquée il peux dépenser des PM pour obtenir un bonus de 1, ce bonus ne peux pas dépasser la différence entre la défense passive de magie de la cible et la défense passive à laquelle s'oppose l'attaque OU 2, le plus petit des deux (donc si la défense magique de la cible est trop élevée il n'est pas possible de dépenser de PM de la sorte)","Le maximum passe à 3, de plus le personnage peux décider de sacrifier son arme évoquée en vidant celle ci de ses charges afin d'ajouter la moitié au jet de l'action","Le maximum passe à 5, si les charges sont sacrifiées le gain est de 1 pour 1",,,,,,,,,,,,,,,,,,,,,,,,
Carnassier,,Blessures cible => Bonus & Jet,"Les actions de combats du personnage reçoivent un bonus de 1, ce bonus est limité par les pénalités de blessures de sa cible, il reçoit également le double en bonus à ses jets",Les bonus passent à 2 et 4,Les bonus passent à 3 et 6,,,,,,,,,,,,,,,,,,,,,,,,
Souffrance,,Blessures soi => Bonus & Jet,"Les actions de combats du personnage reçoivent un bonus de 1, ce bonus est limité par les pénalités de blessures du personnage, il reçoit également le double en bonus à ses jets",Les bonus passent à 2 et 4,Les bonus passent à 3 et 6,,,,,,,,,,,,,,,,,,,,,,,,
Impulsion,,Charge => moins de pénalités ? etc,,,,,,,,,,,,,,,,,,,,,,,,,,,
Précision,,Tirs avec pénalités dû aux distances => Jet,"Les tirs réalisés par le personnage qui souffre de désavantage dû à la distance (trop près ou trop long), alors le jet est avantagé, si le personnage n'est pas affecté par les désavantages il ne peux profiter de cet effet","Le jet reçoit autant d'avantage que de désavantage au test le cas échéant, de plus si le test est à minima désavantagé le jet est assuré (minimum +1, soit 2)","Si le test est à minima désavantagé le jet est très très assuré (minimum +3, soit 4)",,,,,,,,,,,,,,,,,,,,,,,,
Rechargement,,Recharger lors d'un déplacement,Lorsque le personnage réalise un déplacement d'au moins 3m il peux réduire le cout en initiative de son action de rechargement de 1 s'il la réalise sur-le-champs,La réduction est de 2,"La réduction est de 3, un pas de placement peux réduire le cout de 1 à la place",,,,,,,,,,,,,,,,,,,,,,,,
Valkirie,Valkirie d'Arkadar,Attaque via un bond vertical => Bonus & Jet & criticité,"Lorsque le personnage réalise une attaque physique en tombant depuis une position plus élevée (dans sa position de départ ses pieds sont au dessus de la tête, ou du point le plus haut, de sa cible) d'au moins 3m, il profite drastiquement de la hauteur, il reçoit alors un bonus de 1 à son test, un bonus de 2 à son jet et un bonus de 1 à la criticité de l'action","Si la distance est de 5m et plus, les bonus passent respectivement à 2/4/2","Si la distance est de 7m et plus, les bonus passent à 3/6/3",,,,,,,,,,,,,,,,,,,,,,,,
Opiniâtreté,,"PE < 0 : Contre attaque ou riposte possible, il peux faire cela en plus d'une autre action rapide/interruption chaque round","Si le personnage est en état de choc et qu'il fait l'objet d'une attaque il peux décider de contre attaquer ou de riposter, l'action se fait avec une action rapide dont le cout en initiative est augmenté de 2, soit 7",Le cout est normal (5),Le cout est de 3 à la place,,,,,,,,,,,,,,,,,,,,,,,,
Obstination,,PE < 0 : Défenses accrues,Si le personnage est en état de choc il compense de 1 la perte de défense passive,Compense jusqu'à 2,Compense jusqu'à 3,,,,,,,,,,,,,,,,,,,,,,,,
Dévotion,,Défense du maitre,"Le personnage peux désigner un des participants à une confrontation comme étant son maitre, il doit pour ça avoir un lien notable avec celui ci, sinon ce n'est pas une cible valide, être d'égal à égal peux suffire mais dans ce cas l'effet est divisé par deux, toutes les actions du personnage visant à protéger le ""maitre"" reçoivent un ajustement de 2",Le bonus est de 4,Le bonus est de 6,,,,,,,,,,,,,,,,,,,,,,,,
Sérénité,,Pacifiste,Tant que le personnage n'a pas réalisé d'action agressive (attaque ou tactique) il a ses défenses passives augmentée de 1,Le bonus passe à 2,Le bonus passe à 3,,,,,,,,,,,,,,,,,,,,,,,,
Expertise,,Tir réalisé à portée longue => Maitrise,"Tant que le personnage réalise un tir à portée longue son attaque reçoit un bonus de maitrise de 2, notons qu'une telle portée implique généralement des pénalités",Le bonus est de 4,Le bonus est de 6,,,,,,,,,,,,,,,,,,,,,,,,
Portée,,Tir réalisé à portée idéale => Ajustement,"Tant que le personnage réalise un tir à portée idéale (ni courte, ni longue) son attaque reçoit un bonus d'ajustement de 1",Le bonus passe à 2,Le bonus passe à 3,,,,,,,,,,,,,,,,,,,,,,,,
Proximité,,Tir réalisé à portée courte => Perforation & Attrition,"Tant que le personnage réalise un tir à portée courte son attaque reçoit un bonus de perforation et d'attrition de 1, notons qu'une telle portée implique généralement des pénalités",Le bonus passe à 2,Le bonus passe à 3,,,,,,,,,,,,,,,,,,,,,,,,
Initiative,,Agir avant la cible => Ajustement,"Si le personnage réalise un test d'attaque ou tactique avant sa cible ce round ci, nécessairement unique, il profite d'un ajustement de 1 à cette dernière",Le bonus passe à 2,Le bonus passe à 3,,,,,,,,,,,,,,,,,,,,,,,,
Anticipation,,Agir après la cible => Ajustement,"Si le personnage réalise un test après que sa cible, nécessairement unique ai réalisé sa passe d'arme ce round ci, il profite d'un ajustement de 1 à cette dernière",Le bonus passe à 2,Le bonus passe à 3,,,,,,,,,,,,,,,,,,,,,,,,
Traquenard,,Cible piégée => Bonus,"Si le personnage réalise un test d'attaque ou tactique et que celle ci a déclanché/subit un piège ce round ci ou le round précédent, le personnage reçoit un bonus de 1",Le bonus passe à 2,Le bonus passe à 3,,,,,,,,,,,,,,,,,,,,,,,,
Embuscade,,Tour de surprise => Bonus & Jet,Si le personnage réalise une action de combat durant son tour de surprise il reçoit un bonus aux tests de 1 et aux jets de 2,Les bonus passent à 2 et 4,Les bonus passent à 3 et 6,,,,,,,,,,,,,,,,,,,,,,,,
Chevalerie,,Combat à la loyal => Bonus,"Si le personnage est en combat à la loyale, c'est à dire que son adversaire et lui se sont entendus sur la raison d'être de l'affrontement (protocol, etc), alors il reçoit un bonus de 1 à ses tests de combat",Le bonus passe à 2,Le bonus passe à 3,,,,,,,,,,,,,,,,,,,,,,,,
Trompeur,,Cible feintée => Bonus (2 tours),"Si le personnage réalise un test de combat contre une cible qu'il a réussis à feinter ce tour ou le tour dernier, il reçoit un bonus de 1",Le bonus passe à 2,Le bonus passe à 3,,,,,,,,,,,,,,,,,,,,,,,,
Provocateur,,Cible provoquée/intimidée => Bonus (2 tours),"Si le personnage réalise un test de combat contre une cible qu'il a réussis à provoquer/intimider/détourner (manipulation) ce tour ou le tour dernier, il reçoit un bonus de 1",Le bonus passe à 2,Le bonus passe à 3,,,,,,,,,,,,,,,,,,,,,,,,
Connaisseur,,Cible identifiée => Ajustement,"Si le personnage réalise un test de combat contre une cible qu'il a identifié (test de connaissance) il reçoit un ajutsment de 1, l'ajustement ne peux dépasser le degré de réussite du test de connaissance en question",Le bonus passe à 2,Le bonus passe à 3,,,,,,,,,,,,,,,,,,,,,,,,
Ciblage,,Cible marquée => Jet,"Le personnage peux dépenser une action simple pour marquée mentalement une cible, il reçoit un bonus à ses jets de 1 aux actions de combat contre celle ci",Le bonus passe à 2,Le bonus passe à 3,,,,,,,,,,,,,,,,,,,,,,,,
Traque,,Cible en fuite => Bonus & Jet & critique,"Si le personnage réalise un test de combat contre une cible en fuite, il reçoit un bonus aux test et en criticité de 1 et un bonus aux jets de 2",Les bonus passent à 2 et 4,Les bonus passent à 3 et 6,,,,,,,,,,,,,,,,,,,,,,,,
Territoire,,Défend son territoire => Bonus,"Si le personnage réalise un test de combat en étant sur son propre territoire alors il reçoit un bonus de 1 à ses tests de combat, le territoire peux prendre la forme d'une batisse ou d'une navire par example (mais pas une cité entière)",Le bonus passe à 2,Le bonus passe à 3,,,,,,,,,,,,,,,,,,,,,,,,
Tandem,,"Combat offensif avec compagnon => Ajustement soi, Bonus compagnon","Si le personnage réalise un test de combat d'attaque ou tactique contre un adversaire qui est également en mêlée avec le compagnon animal du personnage, le test reçoit un ajustement de 1, le compagnon profite d'un effet similaire avec le personnage comme déclancheur et reçoit un bonus de 1 à la place",Le bonus passe à 2,Le bonus passe à 3,,,,,,,,,,,,,,,,,,,,,,,,
Solidarité,,"Combat défensif avec compagnon => Ajustement soi, Bonus compagnon","Si le personnage réalise un test de combat de défense ou tactique contre un adversaire qui est également en mêlée avec le compagnon animal du personnage, le test reçoit un ajustement de 1, le compagnon profite d'un effet similaire avec le personnage comme déclancheur et reçoit un bonus de 1 à la place",Le bonus passe à 2,Le bonus passe à 3,,,,,,,,,,,,,,,,,,,,,,,,
Dressage,,Ordre à un compagnon => Bonus,Si le personnage donne un ordre direct (via une action libre) à son compagnon ce dernier reçoit un bonus de 1 à son test visant à réussir l'ordre en question,Le bonus passe à 2,Le bonus passe à 3,,,,,,,,,,,,,,,,,,,,,,,,
Parade,,Arme légère contre Arme plus lourde => Parade +,,,,,,,,,,,,,,,,,,,,,,,,,,,
Blocage,,Arme lourde contre Arme plus légère => Blocage +,,,,,,,,,,,,,,,,,,,,,,,,,,,
Esquive,,Armure légère contre Arme plus lourde => Esquive +,,,,,,,,,,,,,,,,,,,,,,,,,,,
